{"all_primary_scores": ["ifeval::tulu: 0.824399"], "tasks": [{"alias": "ifeval::tulu", "metrics": {"prompt_level_strict_acc": 0.7966728280961183, "inst_level_strict_acc": 0.8609112709832134, "punctuation:no_comma_strict_acc": 0.9848484848484849, "detectable_format:number_highlighted_sections_strict_acc": 0.9166666666666666, "length_constraints:number_words_strict_acc": 0.40384615384615385, "prompt_level_loose_acc": 0.8243992606284658, "inst_level_loose_acc": 0.8800959232613909, "punctuation:no_comma_loose_acc": 0.9848484848484849, "detectable_format:number_highlighted_sections_loose_acc": 0.9166666666666666, "length_constraints:number_words_loose_acc": 0.40384615384615385, "detectable_content:number_placeholders_strict_acc": 0.9259259259259259, "detectable_content:number_placeholders_loose_acc": 0.9259259259259259, "combination:repeat_prompt_strict_acc": 0.7073170731707317, "detectable_format:title_strict_acc": 0.972972972972973, "combination:repeat_prompt_loose_acc": 0.7073170731707317, "detectable_format:title_loose_acc": 0.972972972972973, "change_case:english_lowercase_strict_acc": 0.9230769230769231, "change_case:english_lowercase_loose_acc": 0.9230769230769231, "detectable_format:number_bullet_lists_strict_acc": 0.967741935483871, "detectable_format:number_bullet_lists_loose_acc": 0.967741935483871, "change_case:english_capital_strict_acc": 1.0, "detectable_format:multiple_sections_strict_acc": 0.9285714285714286, "change_case:english_capital_loose_acc": 1.0, "detectable_format:multiple_sections_loose_acc": 0.9285714285714286, "change_case:capital_word_frequency_strict_acc": 0.84, "startend:quotation_strict_acc": 0.975609756097561, "change_case:capital_word_frequency_loose_acc": 0.84, "startend:quotation_loose_acc": 0.975609756097561, "keywords:existence_strict_acc": 0.9487179487179487, "keywords:existence_loose_acc": 0.9487179487179487, "detectable_format:json_format_strict_acc": 0.9411764705882353, "detectable_format:json_format_loose_acc": 0.9411764705882353, "length_constraints:number_paragraphs_strict_acc": 0.7037037037037037, "length_constraints:number_paragraphs_loose_acc": 0.7777777777777778, "combination:two_responses_strict_acc": 0.875, "combination:two_responses_loose_acc": 0.9583333333333334, "language:response_language_strict_acc": 0.9032258064516129, "language:response_language_loose_acc": 0.9032258064516129, "keywords:letter_frequency_strict_acc": 0.8484848484848485, "keywords:letter_frequency_loose_acc": 0.8787878787878788, "startend:end_checker_strict_acc": 0.9615384615384616, "startend:end_checker_loose_acc": 0.9615384615384616, "keywords:forbidden_words_strict_acc": 0.9591836734693877, "keywords:forbidden_words_loose_acc": 0.9591836734693877, "keywords:frequency_strict_acc": 0.9047619047619048, "keywords:frequency_loose_acc": 0.9047619047619048, "length_constraints:number_sentences_strict_acc": 0.7307692307692307, "length_constraints:number_sentences_loose_acc": 0.7307692307692307, "detectable_content:postscript_strict_acc": 1.0, "detectable_content:postscript_loose_acc": 1.0, "length_constraints:nth_paragraph_first_word_strict_acc": 0.0, "length_constraints:nth_paragraph_first_word_loose_acc": 0.9166666666666666, "detectable_format:constrained_response_strict_acc": 1.0, "detectable_format:constrained_response_loose_acc": 1.0, "primary_score": 0.8243992606284658}, "num_instances": 541, "processing_time": 4.769463777542114, "task_config": {"task_name": "ifeval", "task_core": "ifeval", "split": "train", "primary_metric": "prompt_level_loose_acc", "generation_kwargs": {"max_gen_toks": 2048, "do_sample": false, "temperature": 0.0, "stop_sequences": [], "truncate_context": false}, "metric_kwargs": {"aggregation_levels": ["prompt", "inst"], "strictness_levels": ["strict", "loose"], "output_individual_metrics": true}, "native_id_field": "key", "dataset_path": "HuggingFaceH4/ifeval", "use_chat_format": true, "version": 0.1, "metadata": {"regimes": ["Tulu"], "alias": "ifeval::tulu"}}}], "model_config": {"model": "allenai/Olmo-3-7B-RL-Zero-IF", "trust_remote_code": false, "max_length": 4096, "model_type": "vllm", "gpu_memory_utilization": 0.8}}